ANIMAL_FLAG,CRASH_SEVERITY,CROSS_STREET_FULL_NAME,CYCLIST_FLAG,DATE_OF_LOSS_YEAR,DAY_OF_WEEK,DERIVED_CRASH_CONFIGURATION,HEAVY_VEH_FLAG,INTERSECTION_CRASH,LATITUDE,LONGITUDE,MID_BLOCK_CRASH,MONTH_OF_YEAR,MOTORCYCLE_FLAG,Municipality Name (ifnull),MUNICIPALITY_NAME,MUNICIPALITY_WITH_BOUNDARY,PARKED_VEHICLE_FLAG,PARKING_LOT_FLAG,PEDESTRIAN_FLAG,REGION,ROAD_LOCATION_DESCRIPTION,Street Full Name (ifnull),STREET_FULL_NAME,TIME_CATEGORY,TOTAL_CRASHES,TOTAL_VICTIMS
N,CASUALTY CRASH,\N,N,2023,FRIDAY,REAR END,N,N,\N,\N,N,AUGUST,N,BURNABY,BURNABY,\N,N,N,N,LOWER MAINLAND,UNKNOWN,HWY 1,HWY 1,00:00-02:59,1,1
N,CASUALTY CRASH,\N,N,2023,FRIDAY,SINGLE VEHICLE,N,N,\N,\N,N,AUGUST,N,ROSE LAKE,ROSE LAKE,\N,N,N,N,NORTH CENTRAL,UNKNOWN,HWY 16,HWY 16,00:00-02:59,1,1
N,CASUALTY CRASH,10TH AVE,N,2023,FRIDAY,SIDE IMPACT,N,Y,49.23309,-122.901394,N,AUGUST,N,BURNABY,BURNABY,BURNABY & NEW WESTMINSTER,N,N,N,LOWER MAINLAND,10TH AVE & CARIBOO RD & E TENTH AVE & SURREY ST & TURNING LANE,CARIBOO RD,CARIBOO RD,00:00-02:59,1,1
N,CASUALTY CRASH,164 ST,N,2023,FRIDAY,CONFLICTED,N,Y,49.152981,-122.767763,N,AUGUST,N,SURREY,SURREY,SURREY,N,N,N,LOWER MAINLAND,164 ST & FRASER HWY & TURNING LANE,FRASER HWY,FRASER HWY,00:00-02:59,1,1
N,CASUALTY CRASH,LOUGHEED HWY,N,2023,FRIDAY,SIDE IMPACT,N,Y,49.263091,-122.79815,N,AUGUST,N,COQUITLAM,COQUITLAM,COQUITLAM,N,N,N,LOWER MAINLAND,CHILKO DR & COMO LAKE AVE & LOUGHEED HWY & SHARPE ST & TURNING LANE,COMO LAKE AVE,COMO LAKE AVE,00:00-02:59,1,2
N,CASUALTY CRASH,NO 4 RD,N,2023,FRIDAY,REAR END,N,Y,49.170146,-123.113991,N,AUGUST,N,RICHMOND,RICHMOND,RICHMOND,N,N,N,LOWER MAINLAND,NO 4 RD & WESTMINSTER HWY,WESTMINSTER HWY,WESTMINSTER HWY,00:00-02:59,1,1
N,CASUALTY CRASH,SILVER AVE,N,2023,FRIDAY,CONFLICTED,Y,Y,49.221952,-123.007671,N,AUGUST,N,BURNABY,BURNABY,BURNABY,Y,Y,N,LOWER MAINLAND,IMPERIAL ST & SILVER AVE,IMPERIAL ST,IMPERIAL ST,00:00-02:59,1,1
N,PROPERTY DAMAGE ONLY,\N,N,2023,FRIDAY,CONFLICTED,N,N,49.064183,-122.381217,Y,AUGUST,N,ABBOTSFORD,ABBOTSFORD,ABBOTSFORD,N,Y,N,LOWER MAINLAND,MT LEHMAN RD # 003320 TO 003499,MT LEHMAN RD,MT LEHMAN RD,00:00-02:59,1,0
N,PROPERTY DAMAGE ONLY,\N,N,2023,FRIDAY,CONFLICTED,N,N,49.177142,-122.866041,Y,AUGUST,N,SURREY,SURREY,SURREY,N,Y,N,LOWER MAINLAND,96 AVE # 012800 TO 012939,96 AVE,96 AVE,00:00-02:59,1,0
N,PROPERTY DAMAGE ONLY,\N,N,2023,FRIDAY,REAR END,N,N,\N,\N,N,AUGUST,N,COLWOOD,COLWOOD,\N,Y,Y,N,VANCOUVER ISLAND,UNKNOWN,WALE RD,WALE RD,00:00-02:59,1,0
N,PROPERTY DAMAGE ONLY,\N,N,2023,FRIDAY,REAR END,N,N,49.148889,-122.843425,Y,AUGUST,N,SURREY,SURREY,SURREY,Y,N,N,LOWER MAINLAND,136A ST # 008000 TO 008091,136A ST,136A ST,00:00-02:59,1,0
N,PROPERTY DAMAGE ONLY,\N,N,2023,FRIDAY,SIDE IMPACT,N,N,\N,\N,N,AUGUST,N,DELTA,DELTA,\N,Y,Y,N,LOWER MAINLAND,UNKNOWN,CANOE PASS WAY,CANOE PASS WAY,00:00-02:59,1,0
N,PROPERTY DAMAGE ONLY,\N,N,2023,FRIDAY,SIDE IMPACT,N,N,\N,\N,N,AUGUST,N,VERNON,VERNON,\N,Y,N,N,SOUTHERN INTERIOR,UNKNOWN,20TH ST,20TH ST,00:00-02:59,1,0
N,PROPERTY DAMAGE ONLY,\N,N,2023,FRIDAY,SIDE IMPACT,N,N,49.231522,-122.884688,Y,AUGUST,N,NEW WESTMINSTER,NEW WESTMINSTER,NEW WESTMINSTER,Y,Y,N,LOWER MAINLAND,BRAID ST # 000080 TO 000100,BRAID ST,BRAID ST,00:00-02:59,1,0
N,PROPERTY DAMAGE ONLY,\N,N,2023,FRIDAY,SIDE IMPACT,N,N,49.243877,-122.892635,Y,AUGUST,N,BURNABY,BURNABY,BURNABY & COQUITLAM,N,Y,N,LOWER MAINLAND,NORTH RD # 000321 TO 004563 odd,NORTH RD,NORTH RD,00:00-02:59,1,0
N,PROPERTY DAMAGE ONLY,\N,N,2023,FRIDAY,SIDE IMPACT,N,N,49.279068,-123.034915,Y,AUGUST,N,VANCOUVER,VANCOUVER,VANCOUVER,Y,N,N,LOWER MAINLAND,TURNER ST # 003230 TO 003269,TURNER ST,TURNER ST,00:00-02:59,1,0
N,PROPERTY DAMAGE ONLY,\N,N,2023,FRIDAY,SIDE SWIPE - OPPOSITE DIRECTION,N,N,49.218717,-124.021983,Y,AUGUST,N,NANAIMO,NANAIMO,NANAIMO,Y,Y,N,VANCOUVER ISLAND,UPLANDS DR # 004300 TO 004349,UPLANDS DR,UPLANDS DR,00:00-02:59,1,0
N,PROPERTY DAMAGE ONLY,\N,N,2023,FRIDAY,SIDE SWIPE - SAME DIRECTION,N,N,\N,\N,N,AUGUST,N,SURREY,SURREY,\N,N,N,N,LOWER MAINLAND,UNKNOWN,172 ST,172 ST,00:00-02:59,1,0
N,PROPERTY DAMAGE ONLY,\N,N,2023,FRIDAY,SIDE SWIPE - SAME DIRECTION,N,N,\N,\N,N,AUGUST,N,SURREY,SURREY,\N,Y,N,N,LOWER MAINLAND,UNKNOWN,81A AVE,81A AVE,00:00-02:59,1,0
N,PROPERTY DAMAGE ONLY,\N,N,2023,FRIDAY,SIDE SWIPE - SAME DIRECTION,N,N,49.172917,-123.136568,Y,AUGUST,N,RICHMOND,RICHMOND,RICHMOND,Y,Y,N,LOWER MAINLAND,NO 3 RD # 005500 TO 005798 even,NO 3 RD,NO 3 RD,00:00-02:59,1,0
N,PROPERTY DAMAGE ONLY,\N,N,2023,FRIDAY,SIDE SWIPE - SAME DIRECTION,N,N,49.265477,-123.146892,Y,AUGUST,N,VANCOUVER,VANCOUVER,VANCOUVER,Y,N,N,LOWER MAINLAND,W 7TH AVE # 001800 TO 001899,W 7TH AVE,W 7TH AVE,00:00-02:59,1,0
N,PROPERTY DAMAGE ONLY,\N,N,2023,FRIDAY,SINGLE VEHICLE,N,N,\N,\N,N,AUGUST,N,BLIND CHANNEL,BLIND CHANNEL,\N,N,N,N,VANCOUVER ISLAND,UNKNOWN,PYE EAST RD,PYE EAST RD,00:00-02:59,1,0
N,PROPERTY DAMAGE ONLY,\N,N,2023,FRIDAY,SINGLE VEHICLE,N,N,\N,\N,N,AUGUST,N,COURTENAY,COURTENAY,\N,N,N,N,VANCOUVER ISLAND,UNKNOWN,HWY 19A,HWY 19A,00:00-02:59,1,0
N,PROPERTY DAMAGE ONLY,\N,N,2023,FRIDAY,SINGLE VEHICLE,N,N,\N,\N,N,AUGUST,N,LANGFORD,LANGFORD,\N,N,N,N,VANCOUVER ISLAND,UNKNOWN,TRANS-CANADA HWY,TRANS-CANADA HWY,00:00-02:59,1,0
N,PROPERTY DAMAGE ONLY,\N,N,2023,FRIDAY,SINGLE VEHICLE,N,N,\N,\N,N,AUGUST,N,VICTORIA,VICTORIA,\N,N,N,N,VANCOUVER ISLAND,UNKNOWN,WEST SAANICH RD.,WEST SAANICH RD.,00:00-02:59,1,0
N,PROPERTY DAMAGE ONLY,\N,N,2023,FRIDAY,SINGLE VEHICLE,N,N,49.26849,-123.05529,Y,AUGUST,N,VANCOUVER,VANCOUVER,VANCOUVER,N,N,N,LOWER MAINLAND,E 2ND AVE # 002440 TO 002499,E 2ND AVE,E 2ND AVE,00:00-02:59,1,0
N,PROPERTY DAMAGE ONLY,\N,N,2023,FRIDAY,SINGLE VEHICLE,N,N,49.305771,-124.23734,Y,AUGUST,N,NANOOSE BAY,NANOOSE BAY,NANOOSE BAY,N,Y,N,VANCOUVER ISLAND,STROULGER RD # 001600 TO 001669,STROULGER RD,STROULGER RD,00:00-02:59,1,0
N,PROPERTY DAMAGE ONLY,\N,N,2023,FRIDAY,SINGLE VEHICLE,N,N,49.45663,-120.507863,Y,AUGUST,N,PRINCETON,PRINCETON,PRINCETON,Y,Y,N,SOUTHERN INTERIOR,HWY 3 W # 000234 TO 000239,HWY 3,HWY 3,00:00-02:59,1,0
N,PROPERTY DAMAGE ONLY,\N,N,2023,FRIDAY,SINGLE VEHICLE,Y,N,\N,\N,N,AUGUST,N,PRINCE GEORGE,PRINCE GEORGE,\N,N,N,N,NORTH CENTRAL,UNKNOWN,PRINCE GEORGE PULPMILL RD,PRINCE GEORGE PULPMILL RD,00:00-02:59,1,0
N,PROPERTY DAMAGE ONLY,\N,N,2023,FRIDAY,UNDETERMINED,N,N,\N,\N,N,AUGUST,N,ABBOTSFORD,ABBOTSFORD,\N,Y,Y,N,LOWER MAINLAND,UNKNOWN,MOUNT LEHMAN RD,MOUNT LEHMAN RD,00:00-02:59,1,0
N,PROPERTY DAMAGE ONLY,\N,N,2023,FRIDAY,UNDETERMINED,N,N,\N,\N,N,AUGUST,N,KELOWNA,KELOWNA,\N,N,Y,N,SOUTHERN INTERIOR,UNKNOWN,ALUMNI AVE,ALUMNI AVE,00:00-02:59,1,0
N,PROPERTY DAMAGE ONLY,\N,N,2023,FRIDAY,UNDETERMINED,N,N,\N,\N,N,AUGUST,N,NANAIMO,NANAIMO,\N,Y,N,N,VANCOUVER ISLAND,UNKNOWN,BEAVER CREEK CRES,BEAVER CREEK CRES,00:00-02:59,1,0
N,PROPERTY DAMAGE ONLY,\N,N,2023,FRIDAY,UNDETERMINED,N,N,48.426264,-123.32273,Y,AUGUST,N,OAK BAY,OAK BAY,OAK BAY & VICTORIA,Y,Y,N,VANCOUVER ISLAND,FOUL BAY RD # 001066 TO 001099,FOUL BAY RD,FOUL BAY RD,00:00-02:59,1,0
N,PROPERTY DAMAGE ONLY,\N,N,2023,FRIDAY,UNDETERMINED,N,N,48.434561,-123.364816,Y,AUGUST,N,VICTORIA,VICTORIA,VICTORIA,N,N,N,VANCOUVER ISLAND,DOUGLAS ST # 002300 TO 002399,DOUGLAS ST,DOUGLAS ST,00:00-02:59,1,0
N,PROPERTY DAMAGE ONLY,\N,N,2023,FRIDAY,UNDETERMINED,N,N,49.192132,-123.15237,Y,AUGUST,N,RICHMOND,RICHMOND,RICHMOND,Y,Y,N,LOWER MAINLAND,MILLER RD # 006300 TO 006599,MILLER RD,MILLER RD,00:00-02:59,1,0
N,PROPERTY DAMAGE ONLY,\N,N,2023,FRIDAY,UNDETERMINED,N,N,49.196553,-123.140635,Y,AUGUST,N,RICHMOND,RICHMOND,RICHMOND,Y,Y,N,LOWER MAINLAND,TEMPLETON STATION RD # 007899 TO 007899 odd,TEMPLETON STATION RD,TEMPLETON STATION RD,00:00-02:59,1,0
N,PROPERTY DAMAGE ONLY,\N,N,2023,FRIDAY,UNDETERMINED,N,N,49.236245,-123.019888,Y,AUGUST,N,BURNABY,BURNABY,BURNABY,Y,N,N,LOWER MAINLAND,SMITH AVE # 005200 TO 005399,SMITH AVE,SMITH AVE,00:00-02:59,1,0
N,PROPERTY DAMAGE ONLY,\N,N,2023,FRIDAY,UNDETERMINED,N,N,49.695921,-123.15561,Y,AUGUST,N,SQUAMISH,SQUAMISH,SQUAMISH,N,Y,N,LOWER MAINLAND,CLEVELAND AVE # 037800 TO 037899,CLEVELAND AVE,CLEVELAND AVE,00:00-02:59,1,0
N,PROPERTY DAMAGE ONLY,BOUNDARY RD,N,2023,FRIDAY,REAR END,N,Y,49.254725,-123.023504,N,AUGUST,N,BURNABY,BURNABY,BURNABY & VANCOUVER,N,N,N,LOWER MAINLAND,BOUNDARY RD & CANADA WAY,CANADA WAY,CANADA WAY,00:00-02:59,1,0
N,PROPERTY DAMAGE ONLY,BOWEN ISLAND FERRY,N,2023,FRIDAY,REAR END,N,N,\N,\N,N,AUGUST,N,BOWEN ISLAND,BOWEN ISLAND,\N,N,N,N,LOWER MAINLAND,UNKNOWN,SNUG COVE,SNUG COVE,00:00-02:59,1,0
N,PROPERTY DAMAGE ONLY,CEDAR HILL CROSS RD,N,2023,FRIDAY,REAR END,N,Y,48.461268,-123.332958,N,AUGUST,N,SAANICH,SAANICH,SAANICH,N,Y,N,VANCOUVER ISLAND,CEDAR HILL CROSS RD & SHELBOURNE ST,SHELBOURNE ST,SHELBOURNE ST,00:00-02:59,1,0
N,PROPERTY DAMAGE ONLY,COLUMBIA ST,N,2023,FRIDAY,SIDE SWIPE - SAME DIRECTION,Y,Y,49.200524,-122.912578,N,AUGUST,N,NEW WESTMINSTER,NEW WESTMINSTER,NEW WESTMINSTER,N,N,N,LOWER MAINLAND,COLUMBIA ST & FRONT ST & NEW WESTMINSTER STATION & TURNING LANE,FRONT ST,FRONT ST,00:00-02:59,1,0
N,PROPERTY DAMAGE ONLY,GRAVELEY ST,N,2023,FRIDAY,SINGLE VEHICLE,N,Y,49.270289,-123.023569,N,AUGUST,N,BURNABY,BURNABY,BURNABY & VANCOUVER,N,N,N,LOWER MAINLAND,BOUNDARY RD & GRAVELEY ST,BOUNDARY RD,BOUNDARY RD,00:00-02:59,1,0
N,PROPERTY DAMAGE ONLY,KING GEORGE BLVD,N,2023,FRIDAY,REAR END,N,Y,49.198876,-122.845956,N,AUGUST,N,SURREY,SURREY,SURREY,N,N,N,LOWER MAINLAND,108 AVE & KING GEORGE BLVD & TURNING LANE,108 AVE,108 AVE,00:00-02:59,1,0
N,PROPERTY DAMAGE ONLY,KNIGHT ST BRIDGE,N,2023,FRIDAY,SINGLE VEHICLE,N,Y,49.211079,-123.077129,N,AUGUST,N,VANCOUVER,VANCOUVER,VANCOUVER,N,N,N,LOWER MAINLAND,KNIGHT ST & KNIGHT ST BRIDGE & SE MARINE DR & SE MARINE DR OFFRAMP & SE MARINE DR ONRAMP & BUS LANE,KNIGHT ST,KNIGHT ST,00:00-02:59,1,0
N,PROPERTY DAMAGE ONLY,MAVIS AVE,N,2023,FRIDAY,CONFLICTED,N,Y,49.16974,-122.576768,N,AUGUST,N,LANGLEY,LANGLEY,LANGLEY,Y,Y,N,LOWER MAINLAND,CHURCH ST & MAVIS AVE,CHURCH ST,CHURCH ST,00:00-02:59,1,0
N,PROPERTY DAMAGE ONLY,MCCALLUM RD,N,2023,FRIDAY,UNDETERMINED,N,Y,49.01687,-122.29372,N,AUGUST,N,ABBOTSFORD,ABBOTSFORD,ABBOTSFORD,N,N,N,LOWER MAINLAND,HUNTINGDON RD & MCCALLUM RD & VYE RD,HUNTINGDON RD,HUNTINGDON RD,00:00-02:59,1,0
N,PROPERTY DAMAGE ONLY,MCCULLOCH RD,N,2023,FRIDAY,SINGLE VEHICLE,N,Y,49.852337,-119.409856,N,AUGUST,N,KELOWNA,KELOWNA,KELOWNA,N,N,N,SOUTHERN INTERIOR,MCCULLOCH RD & REEKIE RD & ROSE RD,REEKIE RD,REEKIE RD,00:00-02:59,1,0
N,PROPERTY DAMAGE ONLY,NELSON ST,N,2023,FRIDAY,REAR END,N,Y,49.276965,-123.119511,N,AUGUST,N,VANCOUVER,VANCOUVER,VANCOUVER,N,N,N,LOWER MAINLAND,HAMILTON ST & NELSON ST,HAMILTON ST,HAMILTON ST,00:00-02:59,1,0
N,PROPERTY DAMAGE ONLY,NORLAND AVE,N,2023,FRIDAY,REAR END,N,Y,49.249957,-122.974749,N,AUGUST,N,BURNABY,BURNABY,BURNABY,N,N,N,LOWER MAINLAND,NORLAND AVE & SPROTT ST & SPROTT ST OFFRAMP,SPROTT ST,SPROTT ST,00:00-02:59,1,0
N,PROPERTY DAMAGE ONLY,SUMMIT DR OFFRAMP,N,2023,FRIDAY,CONFLICTED,N,Y,50.662254,-120.347388,N,AUGUST,N,KAMLOOPS,KAMLOOPS,KAMLOOPS,N,N,N,SOUTHERN INTERIOR,SUMMIT DR & SUMMIT DR OFFRAMP & SUMMIT DR ONRAMP & TRANS-CANADA HWY E,HWY 1,HWY 1,00:00-02:59,1,0
N,PROPERTY DAMAGE ONLY,TRIMBLE ST,Y,2023,FRIDAY,SINGLE VEHICLE,N,Y,49.272937,-123.205724,N,AUGUST,N,VANCOUVER,VANCOUVER,VANCOUVER,N,N,N,LOWER MAINLAND,NW MARINE DR & TRIMBLE ST,NW MARINE DR,NW MARINE DR,00:00-02:59,1,0
N,PROPERTY DAMAGE ONLY,VICTORIA DR,N,2023,FRIDAY,CONFLICTED,N,Y,49.25954,-123.065949,N,AUGUST,N,VANCOUVER,VANCOUVER,VANCOUVER,N,N,N,LOWER MAINLAND,E 12TH AVE & VICTORIA DR,E 12TH AVE,E 12TH AVE,00:00-02:59,1,0
N,PROPERTY DAMAGE ONLY,WESTVIEW DR,N,2023,FRIDAY,UNDETERMINED,N,Y,49.475782,-119.563476,N,AUGUST,N,PENTICTON,PENTICTON,PENTICTON,Y,N,N,SOUTHERN INTERIOR,ARMSTRONG DR & WESTVIEW DR,ARMSTRONG DR,ARMSTRONG DR,00:00-02:59,1,0
Y,PROPERTY DAMAGE ONLY,\N,N,2023,FRIDAY,SINGLE VEHICLE,N,N,\N,\N,N,AUGUST,N,BLACK CREEK,BLACK CREEK,\N,N,N,N,VANCOUVER ISLAND,UNKNOWN,HWY 19,HWY 19,00:00-02:59,1,0
Y,PROPERTY DAMAGE ONLY,\N,N,2023,FRIDAY,SINGLE VEHICLE,N,N,\N,\N,N,AUGUST,N,GOLDEN,GOLDEN,\N,N,N,N,SOUTHERN INTERIOR,UNKNOWN,HWY 95,HWY 95,00:00-02:59,1,0
Y,PROPERTY DAMAGE ONLY,\N,N,2023,FRIDAY,SINGLE VEHICLE,N,N,\N,\N,N,AUGUST,N,HOPE,HOPE,\N,N,N,N,LOWER MAINLAND,UNKNOWN,HWY 3,HWY 3,00:00-02:59,1,0
Y,PROPERTY DAMAGE ONLY,\N,N,2023,FRIDAY,SINGLE VEHICLE,N,N,\N,\N,N,AUGUST,N,KAMLOOPS,KAMLOOPS,\N,N,N,N,SOUTHERN INTERIOR,UNKNOWN,HWY 5,HWY 5,00:00-02:59,1,0
Y,PROPERTY DAMAGE ONLY,\N,N,2023,FRIDAY,SINGLE VEHICLE,N,N,\N,\N,N,AUGUST,N,PARKSVILLE,PARKSVILLE,\N,N,N,N,VANCOUVER ISLAND,UNKNOWN,ALLSBROOK RD,ALLSBROOK RD,00:00-02:59,1,0
Y,PROPERTY DAMAGE ONLY,\N,N,2023,FRIDAY,SINGLE VEHICLE,N,N,\N,\N,N,AUGUST,N,SUMMIT LAKE,SUMMIT LAKE,\N,N,N,N,NORTH CENTRAL,UNKNOWN,HWY 97,HWY 97,00:00-02:59,1,0
Y,PROPERTY DAMAGE ONLY,\N,N,2023,FRIDAY,SINGLE VEHICLE,N,N,\N,\N,N,AUGUST,N,VERNON,VERNON,\N,N,N,N,SOUTHERN INTERIOR,UNKNOWN,97 S,97 S,00:00-02:59,1,0
Y,PROPERTY DAMAGE ONLY,\N,N,2023,FRIDAY,SINGLE VEHICLE,N,N,49.786187,-125.064816,Y,AUGUST,N,MERVILLE,MERVILLE,MERVILLE,N,N,N,VANCOUVER ISLAND,FENWICK RD # 001240 TO 001399,FENWICK RD,FENWICK RD,00:00-02:59,1,0
Y,PROPERTY DAMAGE ONLY,11TH ST,N,2023,FRIDAY,SINGLE VEHICLE,N,Y,49.326857,-123.147101,N,AUGUST,N,WEST VANCOUVER,WEST VANCOUVER,WEST VANCOUVER,N,N,N,LOWER MAINLAND,11TH ST & MARINE DR,MARINE DR,MARINE DR,00:00-02:59,1,0
Y,PROPERTY DAMAGE ONLY,ENGEN RD,N,2023,FRIDAY,SINGLE VEHICLE,N,Y,54.027132,-124.291596,N,AUGUST,N,ENGEN,ENGEN,ENGEN,N,N,N,NORTH CENTRAL,ENGEN RD & HWY 16 W,HWY 16,HWY 16,00:00-02:59,1,0
